pref_code,month,ICN,GMP,PUS,CJU
26,1,335.4,333.6,314.5,331.9
41,1,245.6,727.8,246.9,726.1
43,1,250.7,707.6,225.4,705.9
37,1,262.0,363.3,344.2,361.6
23,1,299.9,426.0,280.7,424.3
9,1,383.8,391.9,367.4,386.7
19,1,374.6,389.5,427.3,451.8
25,1,340.4,338.6,319.5,336.9
10,1,394.8,392.7,405.8,425.1
4,1,300.3,595.9,549.2,568.4
22,1,298.9,421.1,388.3,489.1
8,1,348.2,384.8,331.8,351.0
47,1,289.1,1418.6,270.2,1416.9
6,1,335.1,582.1,542.7,562.0
30,1,278.0,276.1,257.1,274.4
42,1,254.2,784.1,305.9,782.4
5,1,409.4,743.0,658.8,727.0
33,1,257.6,375.4,356.3,373.7
40,1,236.1,706.7,210.7,705.0
21,1,322.7,424.9,303.5,423.2
2,1,296.9,871.0,524.6,850.1
27,1,292.8,291.0,271.9,289.3
20,1,418.0,467.8,478.6,508.1
44,1,268.1,613.2,297.1,611.5
24,1,293.6,373.3,274.4,371.6
34,1,282.8,508.1,285.3,506.4
1,1,339.2,1124.8,336.6,1102.5
28,1,284.4,282.6,263.5,280.9
12,1,311.8,309.6,298.0,317.2
16,1,336.3,542.7,451.3,559.6
13,1,298.5,296.4,331.4,350.6
11,1,317.1,315.0,335.3,354.5
35,1,267.5,600.3,322.2,598.6
7,1,343.9,530.7,488.3,507.6
17,1,286.7,524.2,437.5,522.5
18,1,297.0,455.3,388.0,453.6
38,1,248.4,489.9,224.5,488.2
29,1,315.6,313.8,294.7,312.1
32,1,255.3,483.9,404.0,482.2
3,1,407.1,755.9,638.4,729.8
31,1,329.1,403.5,384.4,401.8
36,1,260.4,327.4,308.3,325.7
46,1,276.6,793.5,251.8,791.8
15,1,283.2,548.9,534.5,553.7
39,1,324.5,437.7,300.6,436.0
45,1,252.3,705.1,288.4,703.4
14,1,298.0,295.9,344.2,363.4
26,2,335.4,333.6,314.5,331.9
41,2,245.6,727.8,246.9,726.1
43,2,250.7,707.6,225.4,705.9
37,2,262.0,363.3,344.2,361.6
23,2,299.9,426.0,280.7,424.3
9,2,383.8,391.9,367.4,386.7
19,2,374.6,389.5,427.3,451.8
25,2,340.4,338.6,319.5,336.9
10,2,394.8,392.7,405.8,425.1
4,2,300.3,595.9,549.2,568.4
22,2,298.9,421.1,388.3,489.1
8,2,348.2,384.8,331.8,351.0
47,2,289.1,1418.6,270.2,1416.9
6,2,335.1,582.1,542.7,562.0
30,2,278.0,276.1,257.1,274.4
42,2,254.2,784.1,305.9,782.4
5,2,409.4,743.0,658.8,727.0
33,2,257.6,375.4,356.3,373.7
40,2,236.1,706.7,210.7,705.0
21,2,322.7,424.9,303.5,423.2
2,2,296.9,871.0,524.6,850.1
27,2,292.8,291.0,271.9,289.3
20,2,418.0,467.8,478.6,508.1
44,2,268.1,613.2,297.1,611.5
24,2,293.6,373.3,274.4,371.6
34,2,282.8,508.1,285.3,506.4
1,2,339.2,1124.8,336.6,1102.5
28,2,284.4,282.6,263.5,280.9
12,2,311.8,309.6,298.0,317.2
16,2,336.3,542.7,451.3,559.6
13,2,298.5,296.4,331.4,350.6
11,2,317.1,315.0,335.3,354.5
35,2,267.5,600.3,322.2,598.6
7,2,343.9,530.7,488.3,507.6
17,2,286.7,524.2,437.5,522.5
18,2,297.0,455.3,388.0,453.6
38,2,248.4,489.9,224.5,488.2
29,2,315.6,313.8,294.7,312.1
32,2,255.3,483.9,404.0,482.2
3,2,407.1,755.9,638.4,729.8
31,2,329.1,403.5,384.4,401.8
36,2,260.4,327.4,308.3,325.7
46,2,276.6,793.5,251.8,791.8
15,2,283.2,548.9,534.5,553.7
39,2,324.5,437.7,300.6,436.0
45,2,252.3,705.1,288.4,703.4
14,2,298.0,295.9,344.2,363.4
26,3,335.4,333.6,314.5,331.9
41,3,245.6,727.8,246.9,726.1
43,3,250.7,707.6,225.4,705.9
37,3,262.0,363.3,344.2,361.6
23,3,299.9,426.0,280.7,424.3
9,3,383.8,391.9,367.4,386.7
19,3,374.6,389.5,427.3,451.8
25,3,340.4,338.6,319.5,336.9
10,3,394.8,392.7,405.8,425.1
4,3,300.3,595.9,549.2,568.4
22,3,298.9,421.1,388.3,489.1
8,3,348.2,384.8,331.8,351.0
47,3,289.1,1418.6,270.2,1416.9
6,3,335.1,582.1,542.7,562.0
30,3,278.0,276.1,257.1,274.4
42,3,254.2,784.1,305.9,782.4
5,3,409.4,743.0,658.8,727.0
33,3,257.6,375.4,356.3,373.7
40,3,236.1,706.7,210.7,705.0
21,3,322.7,424.9,303.5,423.2
2,3,296.9,871.0,524.6,850.1
27,3,292.8,291.0,271.9,289.3
20,3,418.0,467.8,478.6,508.1
44,3,268.1,613.2,297.1,611.5
24,3,293.6,373.3,274.4,371.6
34,3,282.8,508.1,285.3,506.4
1,3,339.2,1124.8,336.6,1102.5
28,3,284.4,282.6,263.5,280.9
12,3,311.8,309.6,298.0,317.2
16,3,336.3,542.7,451.3,559.6
13,3,298.5,296.4,331.4,350.6
11,3,317.1,315.0,335.3,354.5
35,3,288.5,600.3,322.2,598.6
7,3,343.9,530.7,488.3,507.6
17,3,286.7,524.2,437.5,522.5
18,3,297.0,455.3,388.0,453.6
38,3,248.4,489.9,224.5,488.2
29,3,315.6,313.8,294.7,312.1
32,3,255.3,483.9,404.0,482.2
3,3,407.1,755.9,638.4,729.8
31,3,329.1,403.5,384.4,401.8
36,3,260.4,327.4,308.3,325.7
46,3,276.6,793.5,358.3,791.8
15,3,283.2,548.9,534.5,553.7
39,3,324.5,437.7,300.6,436.0
45,3,252.3,705.1,329.6,703.4
14,3,298.0,295.9,344.2,363.4
26,4,318.6,333.6,314.5,331.9
41,4,245.6,727.8,246.9,726.1
43,4,250.7,707.6,225.4,705.9
37,4,262.0,363.3,344.2,361.6
23,4,299.9,298.0,280.7,424.3
9,4,383.8,391.9,367.4,386.7
19,4,374.6,389.5,427.3,451.8
25,4,325.6,338.6,319.5,336.9
10,4,394.8,392.7,405.8,425.1
4,4,300.3,595.9,549.2,568.4
22,4,298.9,405.5,388.3,489.1
8,4,348.2,384.8,331.8,351.0
47,4,289.1,1418.6,270.2,1416.9
6,4,335.1,582.1,542.7,562.0
30,4,278.0,276.1,257.1,274.4
42,4,254.2,784.1,305.9,782.4
5,4,409.4,743.0,658.8,727.0
33,4,257.6,375.4,356.3,373.7
40,4,236.1,706.7,210.7,705.0
21,4,322.7,320.7,303.5,423.2
2,4,296.9,871.0,524.6,850.1
27,4,281.4,291.0,271.9,289.3
20,4,418.0,467.8,478.6,508.1
44,4,268.1,613.2,297.1,611.5
24,4,293.6,291.6,274.4,371.6
34,4,282.8,508.1,285.3,506.4
1,4,339.2,1124.8,336.6,1102.5
28,4,261.2,282.6,263.5,280.9
12,4,311.8,309.6,298.0,317.2
16,4,336.3,468.5,451.3,559.6
13,4,298.5,296.4,331.4,350.6
11,4,317.1,315.0,335.3,354.5
35,4,288.5,600.3,322.2,598.6
7,4,343.9,530.7,488.3,507.6
17,4,286.7,454.7,437.5,522.5
18,4,297.0,405.2,388.0,453.6
38,4,248.4,489.9,224.5,488.2
29,4,309.7,313.8,294.7,312.1
32,4,255.3,483.9,404.0,482.2
3,4,407.1,755.9,638.4,729.8
31,4,329.1,403.5,384.4,401.8
36,4,260.4,327.4,308.3,325.7
46,4,276.6,793.5,358.3,791.8
15,4,283.2,548.9,534.5,553.7
39,4,324.5,437.7,300.6,436.0
45,4,252.3,705.1,329.6,703.4
14,4,298.0,295.9,344.2,363.4
26,5,318.6,333.6,314.5,331.9
41,5,245.6,727.8,246.9,726.1
43,5,250.7,707.6,225.4,705.9
37,5,262.0,363.3,344.2,361.6
23,5,299.9,298.0,280.7,424.3
9,5,383.8,391.9,367.4,386.7
19,5,374.6,389.5,427.3,451.8
25,5,325.6,338.6,319.5,336.9
10,5,394.8,392.7,405.8,425.1
4,5,300.3,595.9,549.2,568.4
22,5,298.9,405.5,388.3,489.1
8,5,348.2,384.8,331.8,351.0
47,5,289.1,1418.6,270.2,1416.9
6,5,335.1,582.1,542.7,562.0
30,5,278.0,276.1,257.1,274.4
42,5,254.2,784.1,305.9,782.4
5,5,409.4,743.0,658.8,727.0
33,5,257.6,375.4,356.3,373.7
40,5,236.1,706.7,210.7,705.0
21,5,322.7,320.7,303.5,423.2
2,5,296.9,871.0,524.6,850.1
27,5,281.4,291.0,271.9,289.3
20,5,350.4,467.8,478.6,508.1
44,5,268.1,613.2,297.1,611.5
24,5,293.6,291.6,274.4,371.6
34,5,282.8,508.1,285.3,506.4
1,5,339.2,1124.8,336.6,1102.5
28,5,261.2,282.6,263.5,280.9
12,5,311.8,309.6,298.0,317.2
16,5,267.4,468.5,451.3,559.6
13,5,298.5,296.4,331.4,350.6
11,5,317.1,315.0,335.3,354.5
35,5,288.5,600.3,322.2,598.6
7,5,343.9,530.7,488.3,507.6
17,5,286.7,454.7,437.5,522.5
18,5,297.0,405.2,388.0,453.6
38,5,248.4,489.9,224.5,488.2
29,5,309.7,313.8,294.7,312.1
32,5,255.3,483.9,404.0,482.2
3,5,407.1,755.9,638.4,729.8
31,5,329.1,403.5,384.4,401.8
36,5,260.4,327.4,308.3,325.7
46,5,276.6,793.5,358.3,791.8
15,5,283.2,548.9,534.5,553.7
39,5,324.5,437.7,300.6,436.0
45,5,252.3,705.1,329.6,703.4
14,5,298.0,295.9,344.2,363.4
26,6,318.6,333.6,314.5,331.9
41,6,245.6,727.8,246.9,726.1
43,6,250.7,707.6,225.4,705.9
37,6,262.0,363.3,344.2,361.6
23,6,299.9,298.0,280.7,424.3
9,6,383.8,391.9,367.4,386.7
19,6,374.6,389.5,427.3,451.8
25,6,325.6,338.6,319.5,336.9
10,6,394.8,392.7,405.8,425.1
4,6,300.3,595.9,549.2,568.4
22,6,298.9,405.5,388.3,489.1
8,6,348.2,384.8,331.8,351.0
47,6,289.1,1418.6,270.2,1416.9
6,6,335.1,582.1,542.7,562.0
30,6,278.0,276.1,257.1,274.4
42,6,254.2,784.1,305.9,782.4
5,6,409.4,743.0,658.8,727.0
33,6,257.6,375.4,356.3,373.7
40,6,236.1,706.7,210.7,705.0
21,6,322.7,320.7,303.5,423.2
2,6,296.9,871.0,524.6,850.1
27,6,281.4,291.0,271.9,289.3
20,6,418.0,467.8,478.6,508.1
44,6,268.1,613.2,297.1,611.5
24,6,293.6,291.6,274.4,371.6
34,6,282.8,508.1,285.3,506.4
1,6,339.2,1124.8,336.6,1102.5
28,6,261.2,282.6,263.5,280.9
12,6,311.8,309.6,298.0,317.2
16,6,336.3,468.5,451.3,559.6
13,6,298.5,296.4,331.4,350.6
11,6,317.1,315.0,335.3,354.5
35,6,288.5,600.3,322.2,598.6
7,6,343.9,530.7,488.3,507.6
17,6,286.7,454.7,437.5,522.5
18,6,297.0,405.2,388.0,453.6
38,6,248.4,489.9,224.5,488.2
29,6,309.7,313.8,294.7,312.1
32,6,255.3,483.9,404.0,482.2
3,6,407.1,755.9,638.4,729.8
31,6,329.1,403.5,384.4,401.8
36,6,260.4,327.4,308.3,325.7
46,6,276.6,793.5,358.3,791.8
15,6,283.2,548.9,534.5,553.7
39,6,324.5,437.7,300.6,436.0
45,6,252.3,705.1,329.6,703.4
14,6,298.0,295.9,344.2,363.4
26,7,318.6,333.6,314.5,331.9
41,7,245.6,727.8,246.9,726.1
43,7,250.7,707.6,225.4,705.9
37,7,262.0,363.3,344.2,361.6
23,7,299.9,298.0,280.7,424.3
9,7,383.8,391.9,367.4,386.7
19,7,374.6,389.5,427.3,451.8
25,7,325.6,338.6,319.5,336.9
10,7,394.8,392.7,405.8,425.1
4,7,300.3,595.9,549.2,568.4
22,7,298.9,405.5,388.3,489.1
8,7,348.2,384.8,331.8,351.0
47,7,289.1,1418.6,270.2,1416.9
6,7,335.1,582.1,542.7,562.0
30,7,278.0,276.1,257.1,274.4
42,7,254.2,784.1,305.9,782.4
5,7,409.4,743.0,658.8,727.0
33,7,257.6,375.4,356.3,373.7
40,7,236.1,706.7,210.7,705.0
21,7,322.7,320.7,303.5,423.2
2,7,296.9,871.0,524.6,850.1
27,7,281.4,291.0,271.9,289.3
20,7,418.0,467.8,478.6,508.1
44,7,268.1,613.2,297.1,611.5
24,7,293.6,291.6,274.4,371.6
34,7,282.8,508.1,285.3,506.4
1,7,339.2,1124.8,336.6,1102.5
28,7,261.2,282.6,263.5,280.9
12,7,311.8,309.6,298.0,317.2
16,7,336.3,468.5,451.3,559.6
13,7,298.5,296.4,331.4,350.6
11,7,317.1,315.0,335.3,354.5
35,7,267.5,600.3,322.2,598.6
7,7,343.9,530.7,488.3,507.6
17,7,286.7,454.7,437.5,522.5
18,7,297.0,405.2,388.0,453.6
38,7,248.4,489.9,224.5,488.2
29,7,309.7,313.8,294.7,312.1
32,7,255.3,483.9,404.0,482.2
3,7,407.1,755.9,638.4,729.8
31,7,329.1,403.5,384.4,401.8
36,7,260.4,327.4,308.3,325.7
46,7,276.6,793.5,358.3,791.8
15,7,283.2,548.9,534.5,553.7
39,7,324.5,437.7,300.6,436.0
45,7,252.3,705.1,329.6,703.4
14,7,298.0,295.9,344.2,363.4
26,8,318.6,333.6,314.5,331.9
41,8,245.6,727.8,246.9,726.1
43,8,250.7,707.6,225.4,705.9
37,8,262.0,363.3,344.2,361.6
23,8,299.9,298.0,280.7,424.3
9,8,383.8,391.9,367.4,386.7
19,8,374.6,389.5,427.3,451.8
25,8,325.6,338.6,319.5,336.9
10,8,394.8,392.7,405.8,425.1
4,8,300.3,595.9,549.2,568.4
22,8,298.9,405.5,388.3,489.1
8,8,348.2,384.8,331.8,351.0
47,8,289.1,1418.6,270.2,1416.9
6,8,335.1,582.1,542.7,562.0
30,8,278.0,276.1,257.1,274.4
42,8,254.2,784.1,305.9,782.4
5,8,409.4,743.0,658.8,727.0
33,8,257.6,375.4,356.3,373.7
40,8,236.1,706.7,210.7,705.0
21,8,322.7,320.7,303.5,423.2
2,8,296.9,871.0,524.6,850.1
27,8,281.4,291.0,271.9,289.3
20,8,418.0,467.8,478.6,508.1
44,8,268.1,613.2,297.1,611.5
24,8,293.6,291.6,274.4,371.6
34,8,282.8,508.1,285.3,506.4
1,8,339.2,1124.8,336.6,1102.5
28,8,261.2,282.6,263.5,280.9
12,8,311.8,309.6,298.0,317.2
16,8,336.3,468.5,451.3,559.6
13,8,298.5,296.4,331.4,350.6
11,8,317.1,315.0,335.3,354.5
35,8,267.5,600.3,322.2,598.6
7,8,343.9,530.7,488.3,507.6
17,8,286.7,454.7,437.5,522.5
18,8,297.0,405.2,388.0,453.6
38,8,248.4,489.9,224.5,488.2
29,8,309.7,313.8,294.7,312.1
32,8,255.3,483.9,404.0,482.2
3,8,407.1,755.9,638.4,729.8
31,8,329.1,403.5,384.4,401.8
36,8,260.4,327.4,308.3,325.7
46,8,276.6,793.5,358.3,791.8
15,8,283.2,548.9,534.5,553.7
39,8,324.5,437.7,300.6,436.0
45,8,252.3,705.1,329.6,703.4
14,8,298.0,295.9,344.2,363.4
26,9,318.6,333.6,314.5,331.9
41,9,245.6,727.8,246.9,290.2
43,9,250.7,707.6,225.4,232.8
37,9,262.0,363.3,344.2,361.6
23,9,299.9,298.0,280.7,424.3
9,9,383.8,391.9,367.4,386.7
19,9,374.6,389.5,427.3,451.8
25,9,325.6,338.6,319.5,336.9
10,9,394.8,392.7,405.8,425.1
4,9,300.3,595.9,549.2,568.4
22,9,298.9,405.5,388.3,489.1
8,9,348.2,384.8,331.8,351.0
47,9,289.1,1418.6,270.2,1018.9
6,9,335.1,582.1,542.7,562.0
30,9,278.0,276.1,257.1,274.4
42,9,254.2,784.1,305.9,313.3
5,9,409.4,743.0,658.8,727.0
33,9,257.6,375.4,356.3,373.7
40,9,236.1,706.7,210.7,315.6
21,9,322.7,320.7,303.5,423.2
2,9,296.9,871.0,524.6,850.1
27,9,281.4,291.0,271.9,289.3
20,9,418.0,467.8,478.6,508.1
44,9,268.1,613.2,297.1,304.5
24,9,293.6,291.6,274.4,371.6
34,9,282.8,508.1,285.3,449.3
1,9,339.2,1124.8,336.6,1102.5
28,9,261.2,282.6,263.5,280.9
12,9,311.8,309.6,298.0,317.2
16,9,336.3,468.5,451.3,559.6
13,9,298.5,296.4,331.4,350.6
11,9,317.1,315.0,335.3,354.5
35,9,288.5,600.3,322.2,381.4
7,9,343.9,530.7,488.3,507.6
17,9,286.7,454.7,437.5,522.5
18,9,297.0,405.2,388.0,453.6
38,9,248.4,489.9,224.5,430.7
29,9,309.7,313.8,294.7,312.1
32,9,255.3,483.9,404.0,482.2
3,9,407.1,755.9,638.4,729.8
31,9,329.1,403.5,384.4,401.8
36,9,260.4,327.4,308.3,325.7
46,9,276.6,793.5,358.3,365.7
15,9,283.2,548.9,534.5,553.7
39,9,324.5,437.7,300.6,436.0
45,9,252.3,705.1,329.6,337.0
14,9,298.0,295.9,344.2,363.4
26,10,318.6,333.6,314.5,331.9
41,10,245.6,727.8,246.9,726.1
43,10,250.7,707.6,225.4,705.9
37,10,262.0,363.3,344.2,361.6
23,10,299.9,298.0,280.7,424.3
9,10,383.8,391.9,367.4,386.7
19,10,374.6,389.5,412.4,451.8
25,10,325.6,338.6,319.5,336.9
10,10,394.8,392.7,405.8,425.1
4,10,300.3,595.9,549.2,568.4
22,10,298.9,405.5,388.3,489.1
8,10,348.2,384.8,331.8,351.0
47,10,289.1,1418.6,270.2,256.3
6,10,335.1,582.1,542.7,562.0
30,10,278.0,276.1,257.1,274.4
42,10,254.2,784.1,229.5,782.4
5,10,409.4,743.0,658.8,680.6
33,10,257.6,375.4,356.3,373.7
40,10,236.1,706.7,210.7,705.0
21,10,322.7,320.7,303.5,423.2
2,10,296.9,871.0,524.6,546.5
27,10,281.4,291.0,271.9,289.3
20,10,350.4,467.8,335.7,508.1
44,10,268.1,613.2,297.1,611.5
24,10,293.6,291.6,274.4,371.6
34,10,282.8,508.1,285.3,506.4
1,10,339.2,1124.8,336.6,358.4
28,10,261.2,282.6,263.5,280.9
12,10,311.8,309.6,298.0,317.2
16,10,267.4,468.5,252.7,559.6
13,10,298.5,296.4,331.4,350.6
11,10,317.1,315.0,335.3,354.5
35,10,267.5,600.3,322.2,598.6
7,10,343.9,530.7,488.3,507.6
17,10,286.7,454.7,297.5,522.5
18,10,297.0,405.2,355.1,453.6
38,10,248.4,489.9,224.5,488.2
29,10,309.7,313.8,294.7,312.1
32,10,255.3,483.9,404.0,482.2
3,10,407.1,755.9,638.4,660.2
31,10,329.1,403.5,384.4,401.8
36,10,260.4,327.4,308.3,325.7
46,10,276.6,793.5,358.3,791.8
15,10,283.2,548.9,461.1,553.7
39,10,324.5,437.7,300.6,436.0
45,10,252.3,705.1,329.6,703.4
14,10,298.0,295.9,344.2,363.4
26,11,318.6,333.6,314.5,331.9
41,11,245.6,727.8,246.9,510.7
43,11,250.7,707.6,225.4,507.4
37,11,262.0,363.3,344.2,303.2
23,11,299.9,298.0,280.7,424.3
9,11,347.7,391.9,367.4,386.7
19,11,374.6,389.5,427.3,451.8
25,11,325.6,338.6,319.5,336.9
10,11,394.8,392.7,405.8,425.1
4,11,300.3,595.9,549.2,568.4
22,11,298.9,405.5,388.3,489.1
8,11,301.8,384.8,331.8,351.0
47,11,289.1,1418.6,270.2,1278.2
6,11,335.1,582.1,542.7,562.0
30,11,278.0,276.1,257.1,274.4
42,11,254.2,784.1,305.9,574.1
5,11,409.4,743.0,658.8,727.0
33,11,257.6,375.4,356.3,331.5
40,11,236.1,706.7,210.7,483.4
21,11,322.7,320.7,303.5,423.2
2,11,296.9,871.0,524.6,850.1
27,11,281.4,291.0,271.9,289.3
20,11,350.4,467.8,478.6,508.1
44,11,268.1,613.2,297.1,414.8
24,11,293.6,291.6,274.4,371.6
34,11,282.8,508.1,285.3,277.5
1,11,339.2,1124.8,336.6,1102.5
28,11,261.2,282.6,263.5,280.9
12,11,311.8,309.6,298.0,317.2
16,11,267.4,468.5,451.3,559.6
13,11,298.5,296.4,331.4,350.6
11,11,317.1,315.0,335.3,354.5
35,11,288.5,600.3,322.2,371.0
7,11,343.9,530.7,488.3,507.6
17,11,286.7,454.7,437.5,522.5
18,11,297.0,405.2,388.0,453.6
38,11,248.4,489.9,224.5,302.7
29,11,309.7,313.8,294.7,312.1
32,11,255.3,483.9,404.0,350.9
3,11,407.1,755.9,638.4,729.8
31,11,329.1,403.5,384.4,401.8
36,11,260.4,327.4,308.3,255.1
46,11,276.6,793.5,358.3,623.3
15,11,283.2,548.9,534.5,553.7
39,11,324.5,437.7,300.6,347.7
45,11,252.3,705.1,329.6,548.4
14,11,298.0,295.9,344.2,363.4
26,12,318.6,333.6,314.5,331.9
41,12,245.6,727.8,246.9,257.5
43,12,250.7,707.6,225.4,310.1
37,12,262.0,363.3,344.2,338.8
23,12,299.9,298.0,280.7,424.3
9,12,347.7,391.9,367.4,386.7
19,12,374.6,389.5,427.3,451.8
25,12,325.6,338.6,319.5,336.9
10,12,394.8,392.7,405.8,425.1
4,12,300.3,595.9,549.2,568.4
22,12,298.9,405.5,388.3,489.1
8,12,301.8,384.8,331.8,351.0
47,12,289.1,1418.6,270.2,1079.7
6,12,335.1,582.1,542.7,562.0
30,12,278.0,276.1,257.1,274.4
42,12,254.2,784.1,305.9,325.4
5,12,409.4,743.0,658.8,727.0
33,12,257.6,375.4,356.3,331.5
40,12,236.1,706.7,210.7,221.3
21,12,322.7,320.7,303.5,423.2
2,12,296.9,871.0,524.6,850.1
27,12,281.4,291.0,271.9,289.3
20,12,418.0,467.8,478.6,508.1
44,12,268.1,613.2,297.1,332.1
24,12,293.6,291.6,274.4,371.6
34,12,282.8,508.1,285.3,277.5
1,12,339.2,1124.8,336.6,1102.5
28,12,261.2,282.6,263.5,280.9
12,12,311.8,309.6,298.0,317.2
16,12,336.3,468.5,451.3,559.6
13,12,298.5,296.4,331.4,350.6
11,12,317.1,315.0,335.3,354.5
35,12,288.5,600.3,322.2,332.9
7,12,343.9,530.7,488.3,507.6
17,12,286.7,454.7,437.5,522.5
18,12,297.0,405.2,388.0,453.6
38,12,248.4,489.9,224.5,302.7
29,12,309.7,313.8,294.7,312.1
32,12,255.3,483.9,404.0,350.9
3,12,407.1,755.9,638.4,729.8
31,12,329.1,403.5,384.4,401.8
36,12,260.4,327.4,308.3,325.7
46,12,276.6,793.5,358.3,443.0
15,12,283.2,548.9,534.5,553.7
39,12,324.5,437.7,300.6,347.7
45,12,252.3,705.1,329.6,424.8
14,12,298.0,295.9,344.2,363.4
