dep,arr,arr_ko,month,flights,pax,dlat,dlon,alat,alon,air_km,air_min
GMP,KIX,간사이,1,372,70106,37.5583,126.791,34.427299,135.244003,835.9541236279953,87.69655927209965
GMP,HND,도쿄 하네다,1,744,156423,37.5583,126.791,35.549678,139.786958,1181.097720836114,113.58232906270854
GMP,KIX,간사이,2,336,68009,37.5583,126.791,34.427299,135.244003,835.9541236279953,87.69655927209965
GMP,HND,도쿄 하네다,2,670,155280,37.5583,126.791,35.549678,139.786958,1181.097720836114,113.58232906270854
GMP,KIX,간사이,3,373,70468,37.5583,126.791,34.427299,135.244003,835.9541236279953,87.69655927209965
GMP,HND,도쿄 하네다,3,744,171997,37.5583,126.791,35.549678,139.786958,1181.097720836114,113.58232906270854
GMP,KIX,간사이,4,402,72951,37.5583,126.791,34.427299,135.244003,835.9541236279953,87.69655927209965
GMP,NGO,나고야,4,42,6434,37.5583,126.791,34.858398,136.804993,946.704469502398,96.00283521267984
GMP,HND,도쿄 하네다,4,720,160054,37.5583,126.791,35.549678,139.786958,1181.097720836114,113.58232906270854
GMP,KIX,간사이,5,434,79978,37.5583,126.791,34.427299,135.244003,835.9541236279953,87.69655927209965
GMP,NGO,나고야,5,62,10373,37.5583,126.791,34.858398,136.804993,946.704469502398,96.00283521267984
GMP,HND,도쿄 하네다,5,742,164499,37.5583,126.791,35.549678,139.786958,1181.097720836114,113.58232906270854
GMP,KIX,간사이,6,420,76168,37.5583,126.791,34.427299,135.244003,835.9541236279953,87.69655927209965
GMP,NGO,나고야,6,60,9552,37.5583,126.791,34.858398,136.804993,946.704469502398,96.00283521267984
GMP,HND,도쿄 하네다,6,720,159300,37.5583,126.791,35.549678,139.786958,1181.097720836114,113.58232906270854
GMP,KIX,간사이,7,430,67423,37.5583,126.791,34.427299,135.244003,835.9541236279953,87.69655927209965
GMP,NGO,나고야,7,62,9191,37.5583,126.791,34.858398,136.804993,946.704469502398,96.00283521267984
GMP,HND,도쿄 하네다,7,743,151519,37.5583,126.791,35.549678,139.786958,1181.097720836114,113.58232906270854
GMP,KIX,간사이,8,413,70118,37.5583,126.791,34.427299,135.244003,835.9541236279953,87.69655927209965
GMP,NGO,나고야,8,74,12029,37.5583,126.791,34.858398,136.804993,946.704469502398,96.00283521267984
GMP,HND,도쿄 하네다,8,744,163287,37.5583,126.791,35.549678,139.786958,1181.097720836114,113.58232906270854
GMP,KIX,간사이,9,479,76571,37.5583,126.791,34.427299,135.244003,835.9541236279953,87.69655927209965
GMP,NGO,나고야,9,120,19081,37.5583,126.791,34.858398,136.804993,946.704469502398,96.00283521267984
GMP,HND,도쿄 하네다,9,719,159632,37.5583,126.791,35.549678,139.786958,1181.097720836114,113.58232906270854
GMP,KIX,간사이,10,495,84840,37.5583,126.791,34.427299,135.244003,835.9541236279953,87.69655927209965
GMP,NGO,나고야,10,124,19109,37.5583,126.791,34.858398,136.804993,946.704469502398,96.00283521267984
GMP,HND,도쿄 하네다,10,744,156749,37.5583,126.791,35.549678,139.786958,1181.097720836114,113.58232906270854
GMP,KIX,간사이,11,480,90030,37.5583,126.791,34.427299,135.244003,835.9541236279953,87.69655927209965
GMP,NGO,나고야,11,120,20514,37.5583,126.791,34.858398,136.804993,946.704469502398,96.00283521267984
GMP,HND,도쿄 하네다,11,720,159794,37.5583,126.791,35.549678,139.786958,1181.097720836114,113.58232906270854
GMP,KIX,간사이,12,552,100125,37.5583,126.791,34.427299,135.244003,835.9541236279953,87.69655927209965
GMP,NGO,나고야,12,124,20680,37.5583,126.791,34.858398,136.804993,946.704469502398,96.00283521267984
GMP,HND,도쿄 하네다,12,744,167248,37.5583,126.791,35.549678,139.786958,1181.097720836114,113.58232906270854
PUS,KIX,간사이,1,540,96223,35.179501,128.938004,34.427299,135.244003,581.7018232103461,68.62763674077596
PUS,KMJ,구마모도,1,62,10176,35.179501,128.938004,32.837299,130.854996,314.70810728645705,48.60310804648428
PUS,NGO,나고야,1,62,10565,35.179501,128.938004,34.858398,136.804993,717.1046319533934,78.78284739650451
PUS,NRT,도쿄 나리타,1,352,60414,35.179501,128.938004,35.76858,140.388714,1038.3902017412834,102.87926513059625
PUS,MYJ,마즈야마,1,54,8013,35.179501,128.938004,33.826893,132.700114,376.0860745000053,53.2064555875004
PUS,CTS,삿보로(치토세),1,170,30845,35.179501,128.938004,42.774753,141.690414,1386.0661268115762,128.9549595108682
PUS,OKA,오끼나와,1,124,20383,35.179501,128.938004,26.192437,127.639804,1006.9647213637729,100.52235410228297
PUS,KOJ,카고시마,1,5,964,35.179501,128.938004,31.8034,130.718994,410.105977927477,55.75794834456077
PUS,FUK,후쿠오카,1,498,92907,35.179501,128.938004,33.585899353027344,130.4510040283203,225.1095736579313,41.88321802434484
PUS,KIX,간사이,2,487,91935,35.179501,128.938004,34.427299,135.244003,581.7018232103461,68.62763674077596
PUS,KMJ,구마모도,2,56,9555,35.179501,128.938004,32.837299,130.854996,314.70810728645705,48.60310804648428
PUS,NGO,나고야,2,32,5731,35.179501,128.938004,34.858398,136.804993,717.1046319533934,78.78284739650451
PUS,NRT,도쿄 나리타,2,336,61294,35.179501,128.938004,35.76858,140.388714,1038.3902017412834,102.87926513059625
PUS,MYJ,마즈야마,2,48,7958,35.179501,128.938004,33.826893,132.700114,376.0860745000053,53.2064555875004
PUS,CTS,삿보로(치토세),2,152,25745,35.179501,128.938004,42.774753,141.690414,1386.0661268115762,128.9549595108682
PUS,OKA,오끼나와,2,112,18789,35.179501,128.938004,26.192437,127.639804,1006.9647213637729,100.52235410228297
PUS,KOJ,카고시마,2,2,238,35.179501,128.938004,31.8034,130.718994,410.105977927477,55.75794834456077
PUS,FUK,후쿠오카,2,424,83331,35.179501,128.938004,33.585899353027344,130.4510040283203,225.1095736579313,41.88321802434484
PUS,KIX,간사이,3,497,91146,35.179501,128.938004,34.427299,135.244003,581.7018232103461,68.62763674077596
PUS,KMJ,구마모도,3,62,9867,35.179501,128.938004,32.837299,130.854996,314.70810728645705,48.60310804648428
PUS,NGO,나고야,3,66,11199,35.179501,128.938004,34.858398,136.804993,717.1046319533934,78.78284739650451
PUS,NRT,도쿄 나리타,3,372,64330,35.179501,128.938004,35.76858,140.388714,1038.3902017412834,102.87926513059625
PUS,MYJ,마즈야마,3,52,8556,35.179501,128.938004,33.826893,132.700114,376.0860745000053,53.2064555875004
PUS,CTS,삿보로(치토세),3,164,25052,35.179501,128.938004,42.774753,141.690414,1386.0661268115762,128.9549595108682
PUS,OKA,오끼나와,3,124,17620,35.179501,128.938004,26.192437,127.639804,1006.9647213637729,100.52235410228297
PUS,FUK,후쿠오카,3,500,92176,35.179501,128.938004,33.585899353027344,130.4510040283203,225.1095736579313,41.88321802434484
PUS,KIX,간사이,4,479,83470,35.179501,128.938004,34.427299,135.244003,581.7018232103461,68.62763674077596
PUS,KMJ,구마모도,4,60,8404,35.179501,128.938004,32.837299,130.854996,314.70810728645705,48.60310804648428
PUS,NGO,나고야,4,120,18153,35.179501,128.938004,34.858398,136.804993,717.1046319533934,78.78284739650451
PUS,NRT,도쿄 나리타,4,360,58056,35.179501,128.938004,35.76858,140.388714,1038.3902017412834,102.87926513059625
PUS,MYJ,마즈야마,4,26,5052,35.179501,128.938004,33.826893,132.700114,376.0860745000053,53.2064555875004
PUS,CTS,삿보로(치토세),4,90,12709,35.179501,128.938004,42.774753,141.690414,1386.0661268115762,128.9549595108682
PUS,OKA,오끼나와,4,120,17093,35.179501,128.938004,26.192437,127.639804,1006.9647213637729,100.52235410228297
PUS,FUK,후쿠오카,4,540,93630,35.179501,128.938004,33.585899353027344,130.4510040283203,225.1095736579313,41.88321802434484
PUS,KIX,간사이,5,495,89492,35.179501,128.938004,34.427299,135.244003,581.7018232103461,68.62763674077596
PUS,KMJ,구마모도,5,62,9708,35.179501,128.938004,32.837299,130.854996,314.70810728645705,48.60310804648428
PUS,NGO,나고야,5,110,16901,35.179501,128.938004,34.858398,136.804993,717.1046319533934,78.78284739650451
PUS,NRT,도쿄 나리타,5,370,61211,35.179501,128.938004,35.76858,140.388714,1038.3902017412834,102.87926513059625
PUS,MYJ,마즈야마,5,26,4735,35.179501,128.938004,33.826893,132.700114,376.0860745000053,53.2064555875004
PUS,CTS,삿보로(치토세),5,124,18324,35.179501,128.938004,42.774753,141.690414,1386.0661268115762,128.9549595108682
PUS,OKA,오끼나와,5,124,19325,35.179501,128.938004,26.192437,127.639804,1006.9647213637729,100.52235410228297
PUS,FUK,후쿠오카,5,544,97697,35.179501,128.938004,33.585899353027344,130.4510040283203,225.1095736579313,41.88321802434484
PUS,KIX,간사이,6,479,84857,35.179501,128.938004,34.427299,135.244003,581.7018232103461,68.62763674077596
PUS,KMJ,구마모도,6,60,9228,35.179501,128.938004,32.837299,130.854996,314.70810728645705,48.60310804648428
PUS,NGO,나고야,6,60,8972,35.179501,128.938004,34.858398,136.804993,717.1046319533934,78.78284739650451
PUS,NRT,도쿄 나리타,6,342,54649,35.179501,128.938004,35.76858,140.388714,1038.3902017412834,102.87926513059625
PUS,MYJ,마즈야마,6,26,5054,35.179501,128.938004,33.826893,132.700114,376.0860745000053,53.2064555875004
PUS,CTS,삿보로(치토세),6,164,26703,35.179501,128.938004,42.774753,141.690414,1386.0661268115762,128.9549595108682
PUS,OKA,오끼나와,6,94,15408,35.179501,128.938004,26.192437,127.639804,1006.9647213637729,100.52235410228297
PUS,FUK,후쿠오카,6,496,88213,35.179501,128.938004,33.585899353027344,130.4510040283203,225.1095736579313,41.88321802434484
PUS,KIX,간사이,7,493,77550,35.179501,128.938004,34.427299,135.244003,581.7018232103461,68.62763674077596
PUS,KMJ,구마모도,7,62,6798,35.179501,128.938004,32.837299,130.854996,314.70810728645705,48.60310804648428
PUS,NGO,나고야,7,85,9907,35.179501,128.938004,34.858398,136.804993,717.1046319533934,78.78284739650451
PUS,NRT,도쿄 나리타,7,426,58444,35.179501,128.938004,35.76858,140.388714,1038.3902017412834,102.87926513059625
PUS,MYJ,마즈야마,7,26,4673,35.179501,128.938004,33.826893,132.700114,376.0860745000053,53.2064555875004
PUS,CTS,삿보로(치토세),7,166,27155,35.179501,128.938004,42.774753,141.690414,1386.0661268115762,128.9549595108682
PUS,OKA,오끼나와,7,96,14204,35.179501,128.938004,26.192437,127.639804,1006.9647213637729,100.52235410228297
PUS,FUK,후쿠오카,7,569,91408,35.179501,128.938004,33.585899353027344,130.4510040283203,225.1095736579313,41.88321802434484
PUS,KIX,간사이,8,468,80723,35.179501,128.938004,34.427299,135.244003,581.7018232103461,68.62763674077596
PUS,KMJ,구마모도,8,62,7758,35.179501,128.938004,32.837299,130.854996,314.70810728645705,48.60310804648428
PUS,NGO,나고야,8,124,14839,35.179501,128.938004,34.858398,136.804993,717.1046319533934,78.78284739650451
PUS,NRT,도쿄 나리타,8,434,67545,35.179501,128.938004,35.76858,140.388714,1038.3902017412834,102.87926513059625
PUS,MYJ,마즈야마,8,28,5300,35.179501,128.938004,33.826893,132.700114,376.0860745000053,53.2064555875004
PUS,CTS,삿보로(치토세),8,168,27437,35.179501,128.938004,42.774753,141.690414,1386.0661268115762,128.9549595108682
PUS,OKA,오끼나와,8,102,15952,35.179501,128.938004,26.192437,127.639804,1006.9647213637729,100.52235410228297
PUS,FUK,후쿠오카,8,592,102515,35.179501,128.938004,33.585899353027344,130.4510040283203,225.1095736579313,41.88321802434484
PUS,KIX,간사이,9,476,81611,35.179501,128.938004,34.427299,135.244003,581.7018232103461,68.62763674077596
PUS,KMJ,구마모도,9,48,6253,35.179501,128.938004,32.837299,130.854996,314.70810728645705,48.60310804648428
PUS,NGO,나고야,9,120,15037,35.179501,128.938004,34.858398,136.804993,717.1046319533934,78.78284739650451
PUS,NRT,도쿄 나리타,9,418,66855,35.179501,128.938004,35.76858,140.388714,1038.3902017412834,102.87926513059625
PUS,MYJ,마즈야마,9,24,4473,35.179501,128.938004,33.826893,132.700114,376.0860745000053,53.2064555875004
PUS,CTS,삿보로(치토세),9,149,23872,35.179501,128.938004,42.774753,141.690414,1386.0661268115762,128.9549595108682
PUS,OKA,오끼나와,9,116,18367,35.179501,128.938004,26.192437,127.639804,1006.9647213637729,100.52235410228297
PUS,FUK,후쿠오카,9,514,89276,35.179501,128.938004,33.585899353027344,130.4510040283203,225.1095736579313,41.88321802434484
PUS,KIX,간사이,10,532,96311,35.179501,128.938004,34.427299,135.244003,581.7018232103461,68.62763674077596
PUS,KMJ,구마모도,10,62,10015,35.179501,128.938004,32.837299,130.854996,314.70810728645705,48.60310804648428
PUS,NGS,나가사키,10,12,2062,35.179501,128.938004,32.916901,129.914001,267.1714385409694,45.03785789057271
PUS,NGO,나고야,10,124,19669,35.179501,128.938004,34.858398,136.804993,717.1046319533934,78.78284739650451
PUS,TOY,도야마,10,6,1052,35.179501,128.938004,36.648416,137.187359,760.3856795653162,82.02892596739872
PUS,NRT,도쿄 나리타,10,434,71458,35.179501,128.938004,35.76858,140.388714,1038.3902017412834,102.87926513059625
PUS,MYJ,마즈야마,10,56,9835,35.179501,128.938004,33.826893,132.700114,376.0860745000053,53.2064555875004
PUS,CTS,삿보로(치토세),10,173,28363,35.179501,128.938004,42.774753,141.690414,1386.0661268115762,128.9549595108682
PUS,OKA,오끼나와,10,122,19763,35.179501,128.938004,26.192437,127.639804,1006.9647213637729,100.52235410228297
PUS,FUK,후쿠오카,10,570,100607,35.179501,128.938004,33.585899353027344,130.4510040283203,225.1095736579313,41.88321802434484
PUS,KIX,간사이,11,677,125683,35.179501,128.938004,34.427299,135.244003,581.7018232103461,68.62763674077596
PUS,KMJ,구마모도,11,60,9589,35.179501,128.938004,32.837299,130.854996,314.70810728645705,48.60310804648428
PUS,NGO,나고야,11,116,18673,35.179501,128.938004,34.858398,136.804993,717.1046319533934,78.78284739650451
PUS,NRT,도쿄 나리타,11,420,75817,35.179501,128.938004,35.76858,140.388714,1038.3902017412834,102.87926513059625
PUS,MYJ,마즈야마,11,60,10425,35.179501,128.938004,33.826893,132.700114,376.0860745000053,53.2064555875004
PUS,CTS,삿보로(치토세),11,214,36924,35.179501,128.938004,42.774753,141.690414,1386.0661268115762,128.9549595108682
PUS,OKA,오끼나와,11,120,19340,35.179501,128.938004,26.192437,127.639804,1006.9647213637729,100.52235410228297
PUS,FUK,후쿠오카,11,608,115174,35.179501,128.938004,33.585899353027344,130.4510040283203,225.1095736579313,41.88321802434484
PUS,KIX,간사이,12,708,128613,35.179501,128.938004,34.427299,135.244003,581.7018232103461,68.62763674077596
PUS,KMJ,구마모도,12,62,10199,35.179501,128.938004,32.837299,130.854996,314.70810728645705,48.60310804648428
PUS,NGO,나고야,12,62,10371,35.179501,128.938004,34.858398,136.804993,717.1046319533934,78.78284739650451
PUS,NRT,도쿄 나리타,12,446,76732,35.179501,128.938004,35.76858,140.388714,1038.3902017412834,102.87926513059625
PUS,MYJ,마즈야마,12,62,11819,35.179501,128.938004,33.826893,132.700114,376.0860745000053,53.2064555875004
PUS,CTS,삿보로(치토세),12,300,51931,35.179501,128.938004,42.774753,141.690414,1386.0661268115762,128.9549595108682
PUS,OKA,오끼나와,12,124,20474,35.179501,128.938004,26.192437,127.639804,1006.9647213637729,100.52235410228297
PUS,FUK,후쿠오카,12,628,118743,35.179501,128.938004,33.585899353027344,130.4510040283203,225.1095736579313,41.88321802434484
ICN,KIX,간사이,1,2088,394207,37.469101,126.450996,34.427299,135.244003,860.2968950956142,89.52226713217107
ICN,KMQ,고마스,1,26,3282,37.469101,126.450996,36.393407,136.406895,892.5379302689108,91.94034477016831
ICN,KMJ,구마모도,1,154,22758,37.469101,126.450996,32.837299,130.854996,652.1703839340878,73.9127787950566
ICN,NGS,나가사키,1,34,4712,37.469101,126.450996,32.916901,129.914001,595.9075919757765,69.69306939818324
ICN,NGO,나고야,1,513,85424,37.469101,126.450996,34.858398,136.804993,973.1496911703706,97.98622683777779
ICN,KIJ,니이가타,1,26,3594,37.469101,126.450996,37.954166,139.112189,1114.204128884813,108.56530966636096
ICN,TAK,다가마스,1,124,21294,37.469101,126.450996,34.214963,134.015454,771.5540526882328,82.86655395161746
ICN,NRT,도쿄 나리타,1,2199,408744,37.469101,126.450996,35.76858,140.388714,1256.992573105629,119.27444298292217
ICN,HND,도쿄 하네다,1,187,29675,37.469101,126.450996,35.549678,139.786958,1209.760643174231,115.73204823806732
ICN,TKS,도쿠시마,1,26,3629,37.469101,126.450996,34.132559,134.607816,823.4590653275138,86.75942989956354
ICN,MYJ,마즈야마,1,124,19191,37.469101,126.450996,33.826893,132.700114,694.6091324143493,77.09568493107619
ICN,KMI,미와사키,1,62,8155,37.469101,126.450996,31.877199,131.449005,771.413451733765,82.85600888003236
ICN,HSG,사가,1,36,5403,37.469101,126.450996,33.1497,130.302002,593.8278202810596,69.53708652107947
ICN,CTS,삿보로(치토세),1,666,143308,37.469101,126.450996,42.774753,141.690414,1420.989007249495,131.57417554371213
ICN,SDJ,센다이,1,44,6732,37.469101,126.450996,38.139702,140.917007,1271.8202001313798,120.3865150098535
ICN,SHM,시라하마,1,5,779,37.469101,126.450996,33.6622009277,135.363998413,909.9936948962609,93.24952711721957
ICN,SHI,시모지시마,1,44,5578,37.469101,126.450996,24.8267,125.144997,1411.2074715075646,130.84056036306737
ICN,FSZ,시즈오카,1,100,14276,37.469101,126.450996,34.795022,138.190976,1094.6084224518313,107.09563168388735
ICN,AKJ,아사이까와,1,34,4793,37.469101,126.450996,43.670799,142.447006,1513.3696125599424,138.50272094199568
ICN,AOJ,아오모리,1,28,4012,37.469101,126.450996,40.733777,140.689477,1279.4680593450846,120.96010445088135
ICN,OKJ,오까야마,1,36,4630,37.469101,126.450996,34.756901,133.854996,729.9853220727526,79.74889915545646
ICN,OKA,오끼나와,1,391,78052,37.469101,126.450996,26.192437,127.639804,1258.8924280374433,119.41693210280825
ICN,OIT,오이다,1,62,8525,37.469101,126.450996,33.479400634799994,131.736999512,652.4181816151923,73.93136362113943
ICN,YGJ,요나고,1,32,5407,37.469101,126.450996,35.492199,133.235992,645.0343685638173,73.3775776422863
ICN,UBJ,우베,1,22,3827,37.469101,126.450996,33.93,131.279007,587.1483293018845,69.03612469764133
ICN,KOJ,카고시마,1,88,13194,37.469101,126.450996,31.8034,130.718994,740.9728577783167,80.57296433337375
ICN,KKJ,키타큐슈,1,111,16258,37.469101,126.450996,33.845901,131.035004,577.6338075069406,68.32253556302055
ICN,FUK,후쿠오카,1,1423,293971,37.469101,126.450996,33.585899353027344,130.4510040283203,563.3190605808336,67.24892954356253
ICN,HIJ,히로시마,1,98,13956,37.469101,126.450996,34.4361,132.919006,672.5860583939241,75.44395437954431
ICN,KIX,간사이,2,1856,363201,37.469101,126.450996,34.427299,135.244003,860.2968950956142,89.52226713217107
ICN,KMQ,고마스,2,24,3179,37.469101,126.450996,36.393407,136.406895,892.5379302689108,91.94034477016831
ICN,KMJ,구마모도,2,144,23492,37.469101,126.450996,32.837299,130.854996,652.1703839340878,73.9127787950566
ICN,NGS,나가사키,2,32,5006,37.469101,126.450996,32.916901,129.914001,595.9075919757765,69.69306939818324
ICN,NGO,나고야,2,464,85104,37.469101,126.450996,34.858398,136.804993,973.1496911703706,97.98622683777779
ICN,KIJ,니이가타,2,24,3371,37.469101,126.450996,37.954166,139.112189,1114.204128884813,108.56530966636096
ICN,TAK,다가마스,2,112,20104,37.469101,126.450996,34.214963,134.015454,771.5540526882328,82.86655395161746
ICN,NRT,도쿄 나리타,2,2013,383863,37.469101,126.450996,35.76858,140.388714,1256.992573105629,119.27444298292217
ICN,HND,도쿄 하네다,2,169,32553,37.469101,126.450996,35.549678,139.786958,1209.760643174231,115.73204823806732
ICN,TKS,도쿠시마,2,24,4126,37.469101,126.450996,34.132559,134.607816,823.4590653275138,86.75942989956354
ICN,MYJ,마즈야마,2,112,19309,37.469101,126.450996,33.826893,132.700114,694.6091324143493,77.09568493107619
ICN,KMI,미와사키,2,56,7681,37.469101,126.450996,31.877199,131.449005,771.413451733765,82.85600888003236
ICN,HSG,사가,2,32,5313,37.469101,126.450996,33.1497,130.302002,593.8278202810596,69.53708652107947
ICN,CTS,삿보로(치토세),2,568,125865,37.469101,126.450996,42.774753,141.690414,1420.989007249495,131.57417554371213
ICN,SDJ,센다이,2,40,6542,37.469101,126.450996,38.139702,140.917007,1271.8202001313798,120.3865150098535
ICN,SHM,시라하마,2,1,154,37.469101,126.450996,33.6622009277,135.363998413,909.9936948962609,93.24952711721957
ICN,SHI,시모지시마,2,40,5206,37.469101,126.450996,24.8267,125.144997,1411.2074715075646,130.84056036306737
ICN,FSZ,시즈오카,2,92,14830,37.469101,126.450996,34.795022,138.190976,1094.6084224518313,107.09563168388735
ICN,AKJ,아사이까와,2,32,4400,37.469101,126.450996,43.670799,142.447006,1513.3696125599424,138.50272094199568
ICN,AOJ,아오모리,2,24,3670,37.469101,126.450996,40.733777,140.689477,1279.4680593450846,120.96010445088135
ICN,OKJ,오까야마,2,32,4633,37.469101,126.450996,34.756901,133.854996,729.9853220727526,79.74889915545646
ICN,OKA,오끼나와,2,360,73650,37.469101,126.450996,26.192437,127.639804,1258.8924280374433,119.41693210280825
ICN,OIT,오이다,2,56,8910,37.469101,126.450996,33.479400634799994,131.736999512,652.4181816151923,73.93136362113943
ICN,YGJ,요나고,2,24,4245,37.469101,126.450996,35.492199,133.235992,645.0343685638173,73.3775776422863
ICN,UBJ,우베,2,2,245,37.469101,126.450996,33.93,131.279007,587.1483293018845,69.03612469764133
ICN,KOJ,카고시마,2,80,13091,37.469101,126.450996,31.8034,130.718994,740.9728577783167,80.57296433337375
ICN,KKJ,키타큐슈,2,66,9844,37.469101,126.450996,33.845901,131.035004,577.6338075069406,68.32253556302055
ICN,FUK,후쿠오카,2,1338,292123,37.469101,126.450996,33.585899353027344,130.4510040283203,563.3190605808336,67.24892954356253
ICN,HIJ,히로시마,2,88,13701,37.469101,126.450996,34.4361,132.919006,672.5860583939241,75.44395437954431
ICN,KIX,간사이,3,2005,395930,37.469101,126.450996,34.427299,135.244003,860.2968950956142,89.52226713217107
ICN,KMQ,고마스,3,28,3849,37.469101,126.450996,36.393407,136.406895,892.5379302689108,91.94034477016831
ICN,KMJ,구마모도,3,150,23605,37.469101,126.450996,32.837299,130.854996,652.1703839340878,73.9127787950566
ICN,NGS,나가사키,3,36,5223,37.469101,126.450996,32.916901,129.914001,595.9075919757765,69.69306939818324
ICN,NGO,나고야,3,517,98281,37.469101,126.450996,34.858398,136.804993,973.1496911703706,97.98622683777779
ICN,KIJ,니이가타,3,26,3527,37.469101,126.450996,37.954166,139.112189,1114.204128884813,108.56530966636096
ICN,TAK,다가마스,3,122,21285,37.469101,126.450996,34.214963,134.015454,771.5540526882328,82.86655395161746
ICN,NRT,도쿄 나리타,3,2209,432323,37.469101,126.450996,35.76858,140.388714,1256.992573105629,119.27444298292217
ICN,HND,도쿄 하네다,3,187,31941,37.469101,126.450996,35.549678,139.786958,1209.760643174231,115.73204823806732
ICN,TKS,도쿠시마,3,26,3930,37.469101,126.450996,34.132559,134.607816,823.4590653275138,86.75942989956354
ICN,MYJ,마즈야마,3,124,21386,37.469101,126.450996,33.826893,132.700114,694.6091324143493,77.09568493107619
ICN,KMI,미와사키,3,59,7685,37.469101,126.450996,31.877199,131.449005,771.413451733765,82.85600888003236
ICN,HSG,사가,3,36,5721,37.469101,126.450996,33.1497,130.302002,593.8278202810596,69.53708652107947
ICN,CTS,삿보로(치토세),3,556,93715,37.469101,126.450996,42.774753,141.690414,1420.989007249495,131.57417554371213
ICN,SDJ,센다이,3,44,6942,37.469101,126.450996,38.139702,140.917007,1271.8202001313798,120.3865150098535
ICN,SHI,시모지시마,3,46,5033,37.469101,126.450996,24.8267,125.144997,1411.2074715075646,130.84056036306737
ICN,FSZ,시즈오카,3,104,16724,37.469101,126.450996,34.795022,138.190976,1094.6084224518313,107.09563168388735
ICN,AKJ,아사이까와,3,36,2991,37.469101,126.450996,43.670799,142.447006,1513.3696125599424,138.50272094199568
ICN,AOJ,아오모리,3,26,3349,37.469101,126.450996,40.733777,140.689477,1279.4680593450846,120.96010445088135
ICN,OKJ,오까야마,3,34,4943,37.469101,126.450996,34.756901,133.854996,729.9853220727526,79.74889915545646
ICN,OKA,오끼나와,3,374,74660,37.469101,126.450996,26.192437,127.639804,1258.8924280374433,119.41693210280825
ICN,OIT,오이다,3,58,9296,37.469101,126.450996,33.479400634799994,131.736999512,652.4181816151923,73.93136362113943
ICN,YGJ,요나고,3,28,4822,37.469101,126.450996,35.492199,133.235992,645.0343685638173,73.3775776422863
ICN,KOJ,카고시마,3,86,13133,37.469101,126.450996,31.8034,130.718994,740.9728577783167,80.57296433337375
ICN,KKJ,키타큐슈,3,72,10648,37.469101,126.450996,33.845901,131.035004,577.6338075069406,68.32253556302055
ICN,FUK,후쿠오카,3,1426,311556,37.469101,126.450996,33.585899353027344,130.4510040283203,563.3190605808336,67.24892954356253
ICN,HIJ,히로시마,3,98,15775,37.469101,126.450996,34.4361,132.919006,672.5860583939241,75.44395437954431
ICN,KIX,간사이,4,2014,364250,37.469101,126.450996,34.427299,135.244003,860.2968950956142,89.52226713217107
ICN,KMQ,고마스,4,26,3345,37.469101,126.450996,36.393407,136.406895,892.5379302689108,91.94034477016831
ICN,UKB,고베,4,52,8568,37.469101,126.450996,34.632801,135.223999,848.9746460739115,88.67309845554337
ICN,KMJ,구마모도,4,108,16126,37.469101,126.450996,32.837299,130.854996,652.1703839340878,73.9127787950566
ICN,NGS,나가사키,4,22,2933,37.469101,126.450996,32.916901,129.914001,595.9075919757765,69.69306939818324
ICN,NGO,나고야,4,501,98269,37.469101,126.450996,34.858398,136.804993,973.1496911703706,97.98622683777779
ICN,KIJ,니이가타,4,26,3543,37.469101,126.450996,37.954166,139.112189,1114.204128884813,108.56530966636096
ICN,TAK,다가마스,4,120,20364,37.469101,126.450996,34.214963,134.015454,771.5540526882328,82.86655395161746
ICN,NRT,도쿄 나리타,4,1996,371598,37.469101,126.450996,35.76858,140.388714,1256.992573105629,119.27444298292217
ICN,HND,도쿄 하네다,4,180,35983,37.469101,126.450996,35.549678,139.786958,1209.760643174231,115.73204823806732
ICN,TKS,도쿠시마,4,26,2921,37.469101,126.450996,34.132559,134.607816,823.4590653275138,86.75942989956354
ICN,MYJ,마즈야마,4,120,19308,37.469101,126.450996,33.826893,132.700114,694.6091324143493,77.09568493107619
ICN,KMI,미와사키,4,26,3765,37.469101,126.450996,31.877199,131.449005,771.413451733765,82.85600888003236
ICN,HSG,사가,4,34,5040,37.469101,126.450996,33.1497,130.302002,593.8278202810596,69.53708652107947
ICN,CTS,삿보로(치토세),4,360,61078,37.469101,126.450996,42.774753,141.690414,1420.989007249495,131.57417554371213
ICN,SDJ,센다이,4,44,6198,37.469101,126.450996,38.139702,140.917007,1271.8202001313798,120.3865150098535
ICN,SHI,시모지시마,4,42,6044,37.469101,126.450996,24.8267,125.144997,1411.2074715075646,130.84056036306737
ICN,FSZ,시즈오카,4,60,9029,37.469101,126.450996,34.795022,138.190976,1094.6084224518313,107.09563168388735
ICN,AKJ,아사이까와,4,24,1346,37.469101,126.450996,43.670799,142.447006,1513.3696125599424,138.50272094199568
ICN,AOJ,아오모리,4,24,2643,37.469101,126.450996,40.733777,140.689477,1279.4680593450846,120.96010445088135
ICN,OKJ,오까야마,4,36,5124,37.469101,126.450996,34.756901,133.854996,729.9853220727526,79.74889915545646
ICN,OKA,오끼나와,4,360,70838,37.469101,126.450996,26.192437,127.639804,1258.8924280374433,119.41693210280825
ICN,OIT,오이다,4,26,4025,37.469101,126.450996,33.479400634799994,131.736999512,652.4181816151923,73.93136362113943
ICN,YGJ,요나고,4,42,6496,37.469101,126.450996,35.492199,133.235992,645.0343685638173,73.3775776422863
ICN,ISG,이시가키,4,38,4800,37.469101,126.450996,24.396389,124.245,1468.6315907349608,135.14736930512206
ICN,KOJ,카고시마,4,60,9312,37.469101,126.450996,31.8034,130.718994,740.9728577783167,80.57296433337375
ICN,KKJ,키타큐슈,4,68,9352,37.469101,126.450996,33.845901,131.035004,577.6338075069406,68.32253556302055
ICN,FUK,후쿠오카,4,1460,300158,37.469101,126.450996,33.585899353027344,130.4510040283203,563.3190605808336,67.24892954356253
ICN,HIJ,히로시마,4,94,12219,37.469101,126.450996,34.4361,132.919006,672.5860583939241,75.44395437954431
ICN,KIX,간사이,5,2062,377467,37.469101,126.450996,34.427299,135.244003,860.2968950956142,89.52226713217107
ICN,KMQ,고마스,5,26,3380,37.469101,126.450996,36.393407,136.406895,892.5379302689108,91.94034477016831
ICN,UKB,고베,5,124,19241,37.469101,126.450996,34.632801,135.223999,848.9746460739115,88.67309845554337
ICN,KMJ,구마모도,5,112,15271,37.469101,126.450996,32.837299,130.854996,652.1703839340878,73.9127787950566
ICN,NGS,나가사키,5,28,3639,37.469101,126.450996,32.916901,129.914001,595.9075919757765,69.69306939818324
ICN,NGO,나고야,5,518,99148,37.469101,126.450996,34.858398,136.804993,973.1496911703706,97.98622683777779
ICN,KIJ,니이가타,5,28,3602,37.469101,126.450996,37.954166,139.112189,1114.204128884813,108.56530966636096
ICN,TAK,다가마스,5,124,20838,37.469101,126.450996,34.214963,134.015454,771.5540526882328,82.86655395161746
ICN,TOY,도야마,5,12,2073,37.469101,126.450996,36.648416,137.187359,956.53066095418,96.7397995715635
ICN,NRT,도쿄 나리타,5,2035,388906,37.469101,126.450996,35.76858,140.388714,1256.992573105629,119.27444298292217
ICN,HND,도쿄 하네다,5,188,36613,37.469101,126.450996,35.549678,139.786958,1209.760643174231,115.73204823806732
ICN,TKS,도쿠시마,5,28,3562,37.469101,126.450996,34.132559,134.607816,823.4590653275138,86.75942989956354
ICN,MYJ,마즈야마,5,124,20240,37.469101,126.450996,33.826893,132.700114,694.6091324143493,77.09568493107619
ICN,KMI,미와사키,5,24,2904,37.469101,126.450996,31.877199,131.449005,771.413451733765,82.85600888003236
ICN,HSG,사가,5,34,5010,37.469101,126.450996,33.1497,130.302002,593.8278202810596,69.53708652107947
ICN,CTS,삿보로(치토세),5,400,76900,37.469101,126.450996,42.774753,141.690414,1420.989007249495,131.57417554371213
ICN,SDJ,센다이,5,42,5643,37.469101,126.450996,38.139702,140.917007,1271.8202001313798,120.3865150098535
ICN,SHI,시모지시마,5,44,7195,37.469101,126.450996,24.8267,125.144997,1411.2074715075646,130.84056036306737
ICN,FSZ,시즈오카,5,62,9847,37.469101,126.450996,34.795022,138.190976,1094.6084224518313,107.09563168388735
ICN,AKJ,아사이까와,5,26,2938,37.469101,126.450996,43.670799,142.447006,1513.3696125599424,138.50272094199568
ICN,AOJ,아오모리,5,28,3402,37.469101,126.450996,40.733777,140.689477,1279.4680593450846,120.96010445088135
ICN,OKJ,오까야마,5,34,4758,37.469101,126.450996,34.756901,133.854996,729.9853220727526,79.74889915545646
ICN,OKA,오끼나와,5,374,76088,37.469101,126.450996,26.192437,127.639804,1258.8924280374433,119.41693210280825
ICN,OIT,오이다,5,30,4275,37.469101,126.450996,33.479400634799994,131.736999512,652.4181816151923,73.93136362113943
ICN,YGJ,요나고,5,44,7023,37.469101,126.450996,35.492199,133.235992,645.0343685638173,73.3775776422863
ICN,ISG,이시가키,5,44,6766,37.469101,126.450996,24.396389,124.245,1468.6315907349608,135.14736930512206
ICN,KOJ,카고시마,5,64,9579,37.469101,126.450996,31.8034,130.718994,740.9728577783167,80.57296433337375
ICN,KKJ,키타큐슈,5,70,9756,37.469101,126.450996,33.845901,131.035004,577.6338075069406,68.32253556302055
ICN,FUK,후쿠오카,5,1518,313782,37.469101,126.450996,33.585899353027344,130.4510040283203,563.3190605808336,67.24892954356253
ICN,HIJ,히로시마,5,110,15845,37.469101,126.450996,34.4361,132.919006,672.5860583939241,75.44395437954431
ICN,KIX,간사이,6,1972,346187,37.469101,126.450996,34.427299,135.244003,860.2968950956142,89.52226713217107
ICN,KMQ,고마스,6,26,3677,37.469101,126.450996,36.393407,136.406895,892.5379302689108,91.94034477016831
ICN,UKB,고베,6,120,18246,37.469101,126.450996,34.632801,135.223999,848.9746460739115,88.67309845554337
ICN,KMJ,구마모도,6,112,13475,37.469101,126.450996,32.837299,130.854996,652.1703839340878,73.9127787950566
ICN,NGS,나가사키,6,24,2808,37.469101,126.450996,32.916901,129.914001,595.9075919757765,69.69306939818324
ICN,NGO,나고야,6,502,95666,37.469101,126.450996,34.858398,136.804993,973.1496911703706,97.98622683777779
ICN,KIJ,니이가타,6,24,3265,37.469101,126.450996,37.954166,139.112189,1114.204128884813,108.56530966636096
ICN,TAK,다가마스,6,112,17687,37.469101,126.450996,34.214963,134.015454,771.5540526882328,82.86655395161746
ICN,NRT,도쿄 나리타,6,1965,358263,37.469101,126.450996,35.76858,140.388714,1256.992573105629,119.27444298292217
ICN,HND,도쿄 하네다,6,180,35023,37.469101,126.450996,35.549678,139.786958,1209.760643174231,115.73204823806732
ICN,TKS,도쿠시마,6,24,3488,37.469101,126.450996,34.132559,134.607816,823.4590653275138,86.75942989956354
ICN,MYJ,마즈야마,6,120,19504,37.469101,126.450996,33.826893,132.700114,694.6091324143493,77.09568493107619
ICN,KMI,미와사키,6,26,2835,37.469101,126.450996,31.877199,131.449005,771.413451733765,82.85600888003236
ICN,HSG,사가,6,36,5564,37.469101,126.450996,33.1497,130.302002,593.8278202810596,69.53708652107947
ICN,CTS,삿보로(치토세),6,562,117621,37.469101,126.450996,42.774753,141.690414,1420.989007249495,131.57417554371213
ICN,SDJ,센다이,6,44,6215,37.469101,126.450996,38.139702,140.917007,1271.8202001313798,120.3865150098535
ICN,SHI,시모지시마,6,44,7557,37.469101,126.450996,24.8267,125.144997,1411.2074715075646,130.84056036306737
ICN,FSZ,시즈오카,6,120,14362,37.469101,126.450996,34.795022,138.190976,1094.6084224518313,107.09563168388735
ICN,AKJ,아사이까와,6,34,4388,37.469101,126.450996,43.670799,142.447006,1513.3696125599424,138.50272094199568
ICN,AOJ,아오모리,6,26,3111,37.469101,126.450996,40.733777,140.689477,1279.4680593450846,120.96010445088135
ICN,OKJ,오까야마,6,34,4650,37.469101,126.450996,34.756901,133.854996,729.9853220727526,79.74889915545646
ICN,OKA,오끼나와,6,360,69574,37.469101,126.450996,26.192437,127.639804,1258.8924280374433,119.41693210280825
ICN,OIT,오이다,6,24,3218,37.469101,126.450996,33.479400634799994,131.736999512,652.4181816151923,73.93136362113943
ICN,YGJ,요나고,6,44,6836,37.469101,126.450996,35.492199,133.235992,645.0343685638173,73.3775776422863
ICN,ISG,이시가키,6,44,6598,37.469101,126.450996,24.396389,124.245,1468.6315907349608,135.14736930512206
ICN,KOJ,카고시마,6,58,7060,37.469101,126.450996,31.8034,130.718994,740.9728577783167,80.57296433337375
ICN,KKJ,키타큐슈,6,68,8607,37.469101,126.450996,33.845901,131.035004,577.6338075069406,68.32253556302055
ICN,HKD,하꼬다데,6,16,2608,37.469101,126.450996,41.77,140.822006,1318.5068640563172,123.88801480422379
ICN,FUK,후쿠오카,6,1434,277586,37.469101,126.450996,33.585899353027344,130.4510040283203,563.3190605808336,67.24892954356253
ICN,HIJ,히로시마,6,112,15024,37.469101,126.450996,34.4361,132.919006,672.5860583939241,75.44395437954431
ICN,KIX,간사이,7,2105,308131,37.469101,126.450996,34.427299,135.244003,860.2968950956142,89.52226713217107
ICN,KMQ,고마스,7,26,3384,37.469101,126.450996,36.393407,136.406895,892.5379302689108,91.94034477016831
ICN,UKB,고베,7,124,16054,37.469101,126.450996,34.632801,135.223999,848.9746460739115,88.67309845554337
ICN,KMJ,구마모도,7,116,10600,37.469101,126.450996,32.837299,130.854996,652.1703839340878,73.9127787950566
ICN,NGS,나가사키,7,4,384,37.469101,126.450996,32.916901,129.914001,595.9075919757765,69.69306939818324
ICN,NGO,나고야,7,520,81294,37.469101,126.450996,34.858398,136.804993,973.1496911703706,97.98622683777779
ICN,KIJ,니이가타,7,28,3548,37.469101,126.450996,37.954166,139.112189,1114.204128884813,108.56530966636096
ICN,TAK,다가마스,7,124,15613,37.469101,126.450996,34.214963,134.015454,771.5540526882328,82.86655395161746
ICN,NRT,도쿄 나리타,7,2075,355382,37.469101,126.450996,35.76858,140.388714,1256.992573105629,119.27444298292217
ICN,HND,도쿄 하네다,7,186,33485,37.469101,126.450996,35.549678,139.786958,1209.760643174231,115.73204823806732
ICN,TKS,도쿠시마,7,28,3440,37.469101,126.450996,34.132559,134.607816,823.4590653275138,86.75942989956354
ICN,MYJ,마즈야마,7,124,16029,37.469101,126.450996,33.826893,132.700114,694.6091324143493,77.09568493107619
ICN,KMI,미와사키,7,26,2150,37.469101,126.450996,31.877199,131.449005,771.413451733765,82.85600888003236
ICN,HSG,사가,7,34,3825,37.469101,126.450996,33.1497,130.302002,593.8278202810596,69.53708652107947
ICN,CTS,삿보로(치토세),7,651,146469,37.469101,126.450996,42.774753,141.690414,1420.989007249495,131.57417554371213
ICN,SDJ,센다이,7,42,5823,37.469101,126.450996,38.139702,140.917007,1271.8202001313798,120.3865150098535
ICN,SHI,시모지시마,7,44,7205,37.469101,126.450996,24.8267,125.144997,1411.2074715075646,130.84056036306737
ICN,FSZ,시즈오카,7,124,13217,37.469101,126.450996,34.795022,138.190976,1094.6084224518313,107.09563168388735
ICN,AKJ,아사이까와,7,36,4292,37.469101,126.450996,43.670799,142.447006,1513.3696125599424,138.50272094199568
ICN,AOJ,아오모리,7,26,3392,37.469101,126.450996,40.733777,140.689477,1279.4680593450846,120.96010445088135
ICN,OKJ,오까야마,7,36,3768,37.469101,126.450996,34.756901,133.854996,729.9853220727526,79.74889915545646
ICN,OKA,오끼나와,7,369,67045,37.469101,126.450996,26.192437,127.639804,1258.8924280374433,119.41693210280825
ICN,OIT,오이다,7,28,2397,37.469101,126.450996,33.479400634799994,131.736999512,652.4181816151923,73.93136362113943
ICN,YGJ,요나고,7,44,5837,37.469101,126.450996,35.492199,133.235992,645.0343685638173,73.3775776422863
ICN,UBJ,우베,7,2,185,37.469101,126.450996,33.93,131.279007,587.1483293018845,69.03612469764133
ICN,ISG,이시가키,7,44,5147,37.469101,126.450996,24.396389,124.245,1468.6315907349608,135.14736930512206
ICN,KOJ,카고시마,7,54,4637,37.469101,126.450996,31.8034,130.718994,740.9728577783167,80.57296433337375
ICN,KKJ,키타큐슈,7,88,9995,37.469101,126.450996,33.845901,131.035004,577.6338075069406,68.32253556302055
ICN,HKD,하꼬다데,7,36,4893,37.469101,126.450996,41.77,140.822006,1318.5068640563172,123.88801480422379
ICN,FUK,후쿠오카,7,1521,256438,37.469101,126.450996,33.585899353027344,130.4510040283203,563.3190605808336,67.24892954356253
ICN,HIJ,히로시마,7,96,12562,37.469101,126.450996,34.4361,132.919006,672.5860583939241,75.44395437954431
ICN,KIX,간사이,8,2140,354482,37.469101,126.450996,34.427299,135.244003,860.2968950956142,89.52226713217107
ICN,KMQ,고마스,8,28,3725,37.469101,126.450996,36.393407,136.406895,892.5379302689108,91.94034477016831
ICN,UKB,고베,8,123,17978,37.469101,126.450996,34.632801,135.223999,848.9746460739115,88.67309845554337
ICN,KMJ,구마모도,8,114,13860,37.469101,126.450996,32.837299,130.854996,652.1703839340878,73.9127787950566
ICN,NGS,나가사키,8,26,2790,37.469101,126.450996,32.916901,129.914001,595.9075919757765,69.69306939818324
ICN,NGO,나고야,8,518,88814,37.469101,126.450996,34.858398,136.804993,973.1496911703706,97.98622683777779
ICN,KIJ,니이가타,8,26,3263,37.469101,126.450996,37.954166,139.112189,1114.204128884813,108.56530966636096
ICN,TAK,다가마스,8,108,16298,37.469101,126.450996,34.214963,134.015454,771.5540526882328,82.86655395161746
ICN,NRT,도쿄 나리타,8,2107,382174,37.469101,126.450996,35.76858,140.388714,1256.992573105629,119.27444298292217
ICN,HND,도쿄 하네다,8,186,37966,37.469101,126.450996,35.549678,139.786958,1209.760643174231,115.73204823806732
ICN,TKS,도쿠시마,8,26,3768,37.469101,126.450996,34.132559,134.607816,823.4590653275138,86.75942989956354
ICN,MYJ,마즈야마,8,124,16729,37.469101,126.450996,33.826893,132.700114,694.6091324143493,77.09568493107619
ICN,KMI,미와사키,8,28,3545,37.469101,126.450996,31.877199,131.449005,771.413451733765,82.85600888003236
ICN,HSG,사가,8,36,4402,37.469101,126.450996,33.1497,130.302002,593.8278202810596,69.53708652107947
ICN,CTS,삿보로(치토세),8,663,148202,37.469101,126.450996,42.774753,141.690414,1420.989007249495,131.57417554371213
ICN,SDJ,센다이,8,44,6888,37.469101,126.450996,38.139702,140.917007,1271.8202001313798,120.3865150098535
ICN,SHI,시모지시마,8,44,7769,37.469101,126.450996,24.8267,125.144997,1411.2074715075646,130.84056036306737
ICN,FSZ,시즈오카,8,124,17378,37.469101,126.450996,34.795022,138.190976,1094.6084224518313,107.09563168388735
ICN,AKJ,아사이까와,8,36,4765,37.469101,126.450996,43.670799,142.447006,1513.3696125599424,138.50272094199568
ICN,AOJ,아오모리,8,26,3495,37.469101,126.450996,40.733777,140.689477,1279.4680593450846,120.96010445088135
ICN,OKJ,오까야마,8,36,4210,37.469101,126.450996,34.756901,133.854996,729.9853220727526,79.74889915545646
ICN,OKA,오끼나와,8,372,67356,37.469101,126.450996,26.192437,127.639804,1258.8924280374433,119.41693210280825
ICN,OIT,오이다,8,26,2714,37.469101,126.450996,33.479400634799994,131.736999512,652.4181816151923,73.93136362113943
ICN,YGJ,요나고,8,44,6824,37.469101,126.450996,35.492199,133.235992,645.0343685638173,73.3775776422863
ICN,UBJ,우베,8,6,924,37.469101,126.450996,33.93,131.279007,587.1483293018845,69.03612469764133
ICN,ISG,이시가키,8,44,5548,37.469101,126.450996,24.396389,124.245,1468.6315907349608,135.14736930512206
ICN,KOJ,카고시마,8,56,6313,37.469101,126.450996,31.8034,130.718994,740.9728577783167,80.57296433337375
ICN,KKJ,키타큐슈,8,90,13449,37.469101,126.450996,33.845901,131.035004,577.6338075069406,68.32253556302055
ICN,HKD,하꼬다데,8,36,5453,37.469101,126.450996,41.77,140.822006,1318.5068640563172,123.88801480422379
ICN,FUK,후쿠오카,8,1410,265268,37.469101,126.450996,33.585899353027344,130.4510040283203,563.3190605808336,67.24892954356253
ICN,HIJ,히로시마,8,98,14154,37.469101,126.450996,34.4361,132.919006,672.5860583939241,75.44395437954431
ICN,KIX,간사이,9,1951,342268,37.469101,126.450996,34.427299,135.244003,860.2968950956142,89.52226713217107
ICN,KMQ,고마스,9,24,3306,37.469101,126.450996,36.393407,136.406895,892.5379302689108,91.94034477016831
ICN,UKB,고베,9,120,17553,37.469101,126.450996,34.632801,135.223999,848.9746460739115,88.67309845554337
ICN,KMJ,구마모도,9,112,15355,37.469101,126.450996,32.837299,130.854996,652.1703839340878,73.9127787950566
ICN,NGS,나가사키,9,26,3102,37.469101,126.450996,32.916901,129.914001,595.9075919757765,69.69306939818324
ICN,NGO,나고야,9,501,86542,37.469101,126.450996,34.858398,136.804993,973.1496911703706,97.98622683777779
ICN,KIJ,니이가타,9,26,3414,37.469101,126.450996,37.954166,139.112189,1114.204128884813,108.56530966636096
ICN,TAK,다가마스,9,100,15171,37.469101,126.450996,34.214963,134.015454,771.5540526882328,82.86655395161746
ICN,NRT,도쿄 나리타,9,2025,360248,37.469101,126.450996,35.76858,140.388714,1256.992573105629,119.27444298292217
ICN,HND,도쿄 하네다,9,180,38868,37.469101,126.450996,35.549678,139.786958,1209.760643174231,115.73204823806732
ICN,TKS,도쿠시마,9,26,3800,37.469101,126.450996,34.132559,134.607816,823.4590653275138,86.75942989956354
ICN,MYJ,마즈야마,9,120,18103,37.469101,126.450996,33.826893,132.700114,694.6091324143493,77.09568493107619
ICN,KMI,미와사키,9,24,3272,37.469101,126.450996,31.877199,131.449005,771.413451733765,82.85600888003236
ICN,HSG,사가,9,34,5068,37.469101,126.450996,33.1497,130.302002,593.8278202810596,69.53708652107947
ICN,CTS,삿보로(치토세),9,542,101529,37.469101,126.450996,42.774753,141.690414,1420.989007249495,131.57417554371213
ICN,SDJ,센다이,9,44,6911,37.469101,126.450996,38.139702,140.917007,1271.8202001313798,120.3865150098535
ICN,SHI,시모지시마,9,42,7221,37.469101,126.450996,24.8267,125.144997,1411.2074715075646,130.84056036306737
ICN,FSZ,시즈오카,9,114,17116,37.469101,126.450996,34.795022,138.190976,1094.6084224518313,107.09563168388735
ICN,AOJ,아오모리,9,26,3473,37.469101,126.450996,40.733777,140.689477,1279.4680593450846,120.96010445088135
ICN,OKJ,오까야마,9,34,3848,37.469101,126.450996,34.756901,133.854996,729.9853220727526,79.74889915545646
ICN,OKA,오끼나와,9,362,65166,37.469101,126.450996,26.192437,127.639804,1258.8924280374433,119.41693210280825
ICN,OIT,오이다,9,26,3626,37.469101,126.450996,33.479400634799994,131.736999512,652.4181816151923,73.93136362113943
ICN,YGJ,요나고,9,42,6797,37.469101,126.450996,35.492199,133.235992,645.0343685638173,73.3775776422863
ICN,ISG,이시가키,9,44,5241,37.469101,126.450996,24.396389,124.245,1468.6315907349608,135.14736930512206
ICN,KOJ,카고시마,9,60,8157,37.469101,126.450996,31.8034,130.718994,740.9728577783167,80.57296433337375
ICN,KKJ,키타큐슈,9,46,5979,37.469101,126.450996,33.845901,131.035004,577.6338075069406,68.32253556302055
ICN,HKD,하꼬다데,9,34,5012,37.469101,126.450996,41.77,140.822006,1318.5068640563172,123.88801480422379
ICN,FUK,후쿠오카,9,1350,270808,37.469101,126.450996,33.585899353027344,130.4510040283203,563.3190605808336,67.24892954356253
ICN,HIJ,히로시마,9,110,16302,37.469101,126.450996,34.4361,132.919006,672.5860583939241,75.44395437954431
ICN,KIX,간사이,10,2193,388722,37.469101,126.450996,34.427299,135.244003,860.2968950956142,89.52226713217107
ICN,KMQ,고마스,10,26,3618,37.469101,126.450996,36.393407,136.406895,892.5379302689108,91.94034477016831
ICN,UKB,고베,10,124,19656,37.469101,126.450996,34.632801,135.223999,848.9746460739115,88.67309845554337
ICN,KMJ,구마모도,10,130,20177,37.469101,126.450996,32.837299,130.854996,652.1703839340878,73.9127787950566
ICN,NGS,나가사키,10,28,3757,37.469101,126.450996,32.916901,129.914001,595.9075919757765,69.69306939818324
ICN,NGO,나고야,10,519,95013,37.469101,126.450996,34.858398,136.804993,973.1496911703706,97.98622683777779
ICN,KIJ,니이가타,10,26,3579,37.469101,126.450996,37.954166,139.112189,1114.204128884813,108.56530966636096
ICN,TAK,다가마스,10,110,18377,37.469101,126.450996,34.214963,134.015454,771.5540526882328,82.86655395161746
ICN,TOY,도야마,10,14,2311,37.469101,126.450996,36.648416,137.187359,956.53066095418,96.7397995715635
ICN,NRT,도쿄 나리타,10,2121,378063,37.469101,126.450996,35.76858,140.388714,1256.992573105629,119.27444298292217
ICN,HND,도쿄 하네다,10,186,38983,37.469101,126.450996,35.549678,139.786958,1209.760643174231,115.73204823806732
ICN,TKS,도쿠시마,10,26,4000,37.469101,126.450996,34.132559,134.607816,823.4590653275138,86.75942989956354
ICN,MYJ,마즈야마,10,124,20345,37.469101,126.450996,33.826893,132.700114,694.6091324143493,77.09568493107619
ICN,KMI,미와사키,10,28,3996,37.469101,126.450996,31.877199,131.449005,771.413451733765,82.85600888003236
ICN,HSG,사가,10,46,7068,37.469101,126.450996,33.1497,130.302002,593.8278202810596,69.53708652107947
ICN,CTS,삿보로(치토세),10,565,99206,37.469101,126.450996,42.774753,141.690414,1420.989007249495,131.57417554371213
ICN,SDJ,센다이,10,44,6995,37.469101,126.450996,38.139702,140.917007,1271.8202001313798,120.3865150098535
ICN,SHI,시모지시마,10,44,6559,37.469101,126.450996,24.8267,125.144997,1411.2074715075646,130.84056036306737
ICN,FSZ,시즈오카,10,124,19687,37.469101,126.450996,34.795022,138.190976,1094.6084224518313,107.09563168388735
ICN,AKJ,아사이까와,10,12,1457,37.469101,126.450996,43.670799,142.447006,1513.3696125599424,138.50272094199568
ICN,AOJ,아오모리,10,28,3736,37.469101,126.450996,40.733777,140.689477,1279.4680593450846,120.96010445088135
ICN,OKJ,오까야마,10,34,4415,37.469101,126.450996,34.756901,133.854996,729.9853220727526,79.74889915545646
ICN,OKA,오끼나와,10,377,66020,37.469101,126.450996,26.192437,127.639804,1258.8924280374433,119.41693210280825
ICN,OIT,오이다,10,34,5450,37.469101,126.450996,33.479400634799994,131.736999512,652.4181816151923,73.93136362113943
ICN,YGJ,요나고,10,44,7520,37.469101,126.450996,35.492199,133.235992,645.0343685638173,73.3775776422863
ICN,UBJ,우베,10,4,735,37.469101,126.450996,33.93,131.279007,587.1483293018845,69.03612469764133
ICN,ISG,이시가키,10,44,5254,37.469101,126.450996,24.396389,124.245,1468.6315907349608,135.14736930512206
ICN,KOJ,카고시마,10,76,11099,37.469101,126.450996,31.8034,130.718994,740.9728577783167,80.57296433337375
ICN,KKJ,키타큐슈,10,64,8650,37.469101,126.450996,33.845901,131.035004,577.6338075069406,68.32253556302055
ICN,HKD,하꼬다데,10,34,5469,37.469101,126.450996,41.77,140.822006,1318.5068640563172,123.88801480422379
ICN,FUK,후쿠오카,10,1474,286168,37.469101,126.450996,33.585899353027344,130.4510040283203,563.3190605808336,67.24892954356253
ICN,HIJ,히로시마,10,108,16673,37.469101,126.450996,34.4361,132.919006,672.5860583939241,75.44395437954431
ICN,KIX,간사이,11,2135,404459,37.469101,126.450996,34.427299,135.244003,860.2968950956142,89.52226713217107
ICN,KMQ,고마스,11,26,4175,37.469101,126.450996,36.393407,136.406895,892.5379302689108,91.94034477016831
ICN,UKB,고베,11,120,19975,37.469101,126.450996,34.632801,135.223999,848.9746460739115,88.67309845554337
ICN,KMJ,구마모도,11,120,18231,37.469101,126.450996,32.837299,130.854996,652.1703839340878,73.9127787950566
ICN,NGS,나가사키,11,34,4675,37.469101,126.450996,32.916901,129.914001,595.9075919757765,69.69306939818324
ICN,NGO,나고야,11,503,81874,37.469101,126.450996,34.858398,136.804993,973.1496911703706,97.98622683777779
ICN,KIJ,니이가타,11,26,3787,37.469101,126.450996,37.954166,139.112189,1114.204128884813,108.56530966636096
ICN,TAK,다가마스,11,94,17423,37.469101,126.450996,34.214963,134.015454,771.5540526882328,82.86655395161746
ICN,TOY,도야마,11,2,187,37.469101,126.450996,36.648416,137.187359,956.53066095418,96.7397995715635
ICN,NRT,도쿄 나리타,11,1979,378175,37.469101,126.450996,35.76858,140.388714,1256.992573105629,119.27444298292217
ICN,HND,도쿄 하네다,11,180,34280,37.469101,126.450996,35.549678,139.786958,1209.760643174231,115.73204823806732
ICN,TKS,도쿠시마,11,26,4355,37.469101,126.450996,34.132559,134.607816,823.4590653275138,86.75942989956354
ICN,MYJ,마즈야마,11,120,20494,37.469101,126.450996,33.826893,132.700114,694.6091324143493,77.09568493107619
ICN,KMI,미와사키,11,26,4293,37.469101,126.450996,31.877199,131.449005,771.413451733765,82.85600888003236
ICN,HSG,사가,11,34,6164,37.469101,126.450996,33.1497,130.302002,593.8278202810596,69.53708652107947
ICN,CTS,삿보로(치토세),11,450,84592,37.469101,126.450996,42.774753,141.690414,1420.989007249495,131.57417554371213
ICN,SDJ,센다이,11,40,6535,37.469101,126.450996,38.139702,140.917007,1271.8202001313798,120.3865150098535
ICN,SHI,시모지시마,11,44,5864,37.469101,126.450996,24.8267,125.144997,1411.2074715075646,130.84056036306737
ICN,FSZ,시즈오카,11,120,20377,37.469101,126.450996,34.795022,138.190976,1094.6084224518313,107.09563168388735
ICN,AOJ,아오모리,11,26,3590,37.469101,126.450996,40.733777,140.689477,1279.4680593450846,120.96010445088135
ICN,OKJ,오까야마,11,26,3397,37.469101,126.450996,34.756901,133.854996,729.9853220727526,79.74889915545646
ICN,OKA,오끼나와,11,394,72745,37.469101,126.450996,26.192437,127.639804,1258.8924280374433,119.41693210280825
ICN,OBO,오비히로,11,12,1279,37.469101,126.450996,42.7332992554,143.216995239,1538.0606521696477,140.35454891272357
ICN,OIT,오이다,11,60,9975,37.469101,126.450996,33.479400634799994,131.736999512,652.4181816151923,73.93136362113943
ICN,YGJ,요나고,11,34,6252,37.469101,126.450996,35.492199,133.235992,645.0343685638173,73.3775776422863
ICN,IBR,이바라키,11,16,1900,37.469101,126.450996,36.181456,140.414434,1249.9046094836297,118.74284571127222
ICN,ISG,이시가키,11,42,5015,37.469101,126.450996,24.396389,124.245,1468.6315907349608,135.14736930512206
ICN,KOJ,카고시마,11,136,20688,37.469101,126.450996,31.8034,130.718994,740.9728577783167,80.57296433337375
ICN,KKJ,키타큐슈,11,36,4645,37.469101,126.450996,33.845901,131.035004,577.6338075069406,68.32253556302055
ICN,HKD,하꼬다데,11,36,5846,37.469101,126.450996,41.77,140.822006,1318.5068640563172,123.88801480422379
ICN,FUK,후쿠오카,11,1320,283504,37.469101,126.450996,33.585899353027344,130.4510040283203,563.3190605808336,67.24892954356253
ICN,HIJ,히로시마,11,120,19992,37.469101,126.450996,34.4361,132.919006,672.5860583939241,75.44395437954431
ICN,KIX,간사이,12,2327,425299,37.469101,126.450996,34.427299,135.244003,860.2968950956142,89.52226713217107
ICN,KMQ,고마스,12,26,4113,37.469101,126.450996,36.393407,136.406895,892.5379302689108,91.94034477016831
ICN,UKB,고베,12,124,19266,37.469101,126.450996,34.632801,135.223999,848.9746460739115,88.67309845554337
ICN,KMJ,구마모도,12,124,17891,37.469101,126.450996,32.837299,130.854996,652.1703839340878,73.9127787950566
ICN,NGS,나가사키,12,36,4917,37.469101,126.450996,32.916901,129.914001,595.9075919757765,69.69306939818324
ICN,NGO,나고야,12,519,83311,37.469101,126.450996,34.858398,136.804993,973.1496911703706,97.98622683777779
ICN,KIJ,니이가타,12,26,3701,37.469101,126.450996,37.954166,139.112189,1114.204128884813,108.56530966636096
ICN,TAK,다가마스,12,60,10563,37.469101,126.450996,34.214963,134.015454,771.5540526882328,82.86655395161746
ICN,NRT,도쿄 나리타,12,2236,419864,37.469101,126.450996,35.76858,140.388714,1256.992573105629,119.27444298292217
ICN,HND,도쿄 하네다,12,186,36518,37.469101,126.450996,35.549678,139.786958,1209.760643174231,115.73204823806732
ICN,TKS,도쿠시마,12,26,4167,37.469101,126.450996,34.132559,134.607816,823.4590653275138,86.75942989956354
ICN,MYJ,마즈야마,12,124,21663,37.469101,126.450996,33.826893,132.700114,694.6091324143493,77.09568493107619
ICN,KMI,미와사키,12,26,4130,37.469101,126.450996,31.877199,131.449005,771.413451733765,82.85600888003236
ICN,HSG,사가,12,36,6232,37.469101,126.450996,33.1497,130.302002,593.8278202810596,69.53708652107947
ICN,CTS,삿보로(치토세),12,626,126326,37.469101,126.450996,42.774753,141.690414,1420.989007249495,131.57417554371213
ICN,SDJ,센다이,12,46,6906,37.469101,126.450996,38.139702,140.917007,1271.8202001313798,120.3865150098535
ICN,SHI,시모지시마,12,44,5645,37.469101,126.450996,24.8267,125.144997,1411.2074715075646,130.84056036306737
ICN,FSZ,시즈오카,12,124,20360,37.469101,126.450996,34.795022,138.190976,1094.6084224518313,107.09563168388735
ICN,AOJ,아오모리,12,26,3251,37.469101,126.450996,40.733777,140.689477,1279.4680593450846,120.96010445088135
ICN,OKJ,오까야마,12,26,3419,37.469101,126.450996,34.756901,133.854996,729.9853220727526,79.74889915545646
ICN,OKA,오끼나와,12,406,77042,37.469101,126.450996,26.192437,127.639804,1258.8924280374433,119.41693210280825
ICN,OBO,오비히로,12,18,2101,37.469101,126.450996,42.7332992554,143.216995239,1538.0606521696477,140.35454891272357
ICN,OIT,오이다,12,62,10495,37.469101,126.450996,33.479400634799994,131.736999512,652.4181816151923,73.93136362113943
ICN,YGJ,요나고,12,44,8269,37.469101,126.450996,35.492199,133.235992,645.0343685638173,73.3775776422863
ICN,IBR,이바라키,12,27,2255,37.469101,126.450996,36.181456,140.414434,1249.9046094836297,118.74284571127222
ICN,ISG,이시가키,12,44,5875,37.469101,126.450996,24.396389,124.245,1468.6315907349608,135.14736930512206
ICN,KOJ,카고시마,12,186,30253,37.469101,126.450996,31.8034,130.718994,740.9728577783167,80.57296433337375
ICN,KKJ,키타큐슈,12,38,4595,37.469101,126.450996,33.845901,131.035004,577.6338075069406,68.32253556302055
ICN,HKD,하꼬다데,12,34,5339,37.469101,126.450996,41.77,140.822006,1318.5068640563172,123.88801480422379
ICN,FUK,후쿠오카,12,1344,293927,37.469101,126.450996,33.585899353027344,130.4510040283203,563.3190605808336,67.24892954356253
ICN,HIJ,히로시마,12,124,20595,37.469101,126.450996,34.4361,132.919006,672.5860583939241,75.44395437954431
CJU,KIX,간사이,1,62,10845,33.512058,126.492548,34.427299,135.244003,813.1667179962355,85.98750384971767
CJU,NRT,도쿄 나리타,1,28,4492,33.512058,126.492548,35.76858,140.388714,1294.6159926315286,122.09619944736464
CJU,KIX,간사이,2,54,9838,33.512058,126.492548,34.427299,135.244003,813.1667179962355,85.98750384971767
CJU,NRT,도쿄 나리타,2,23,3957,33.512058,126.492548,35.76858,140.388714,1294.6159926315286,122.09619944736464
CJU,KIX,간사이,3,62,10920,33.512058,126.492548,34.427299,135.244003,813.1667179962355,85.98750384971767
CJU,NRT,도쿄 나리타,3,26,4409,33.512058,126.492548,35.76858,140.388714,1294.6159926315286,122.09619944736464
CJU,KIX,간사이,4,60,10804,33.512058,126.492548,34.427299,135.244003,813.1667179962355,85.98750384971767
CJU,NRT,도쿄 나리타,4,26,4182,33.512058,126.492548,35.76858,140.388714,1294.6159926315286,122.09619944736464
CJU,KIX,간사이,5,62,11316,33.512058,126.492548,34.427299,135.244003,813.1667179962355,85.98750384971767
CJU,NRT,도쿄 나리타,5,26,4045,33.512058,126.492548,35.76858,140.388714,1294.6159926315286,122.09619944736464
CJU,KIX,간사이,6,60,10796,33.512058,126.492548,34.427299,135.244003,813.1667179962355,85.98750384971767
CJU,NRT,도쿄 나리타,6,26,4267,33.512058,126.492548,35.76858,140.388714,1294.6159926315286,122.09619944736464
CJU,KIX,간사이,7,62,10533,33.512058,126.492548,34.427299,135.244003,813.1667179962355,85.98750384971767
CJU,NRT,도쿄 나리타,7,26,3933,33.512058,126.492548,35.76858,140.388714,1294.6159926315286,122.09619944736464
CJU,KIX,간사이,8,62,11031,33.512058,126.492548,34.427299,135.244003,813.1667179962355,85.98750384971767
CJU,NRT,도쿄 나리타,8,28,4803,33.512058,126.492548,35.76858,140.388714,1294.6159926315286,122.09619944736464
CJU,KIX,간사이,9,60,10471,33.512058,126.492548,34.427299,135.244003,813.1667179962355,85.98750384971767
CJU,KMJ,구마모도,9,4,465,33.512058,126.492548,32.837299,130.854996,412.8569315036451,55.96426986277338
CJU,NRT,도쿄 나리타,9,24,4107,33.512058,126.492548,35.76858,140.388714,1294.6159926315286,122.09619944736464
CJU,KIX,간사이,10,62,11000,33.512058,126.492548,34.427299,135.244003,813.1667179962355,85.98750384971767
CJU,NRT,도쿄 나리타,10,30,5244,33.512058,126.492548,35.76858,140.388714,1294.6159926315286,122.09619944736464
CJU,CTS,삿보로(치토세),10,5,486,33.512058,126.492548,42.774753,141.690414,1676.9933903149363,150.7745042736202
CJU,OKA,오끼나와,10,4,749,33.512058,126.492548,26.192437,127.639804,821.370409854135,86.60278073906012
CJU,KIX,간사이,11,60,10684,33.512058,126.492548,34.427299,135.244003,813.1667179962355,85.98750384971767
CJU,NRT,도쿄 나리타,11,34,6048,33.512058,126.492548,35.76858,140.388714,1294.6159926315286,122.09619944736464
CJU,TKS,도쿠시마,11,4,440,33.512058,126.492548,34.132559,134.607816,752.6317111456141,81.44737833592106
CJU,HIJ,히로시마,11,4,500,33.512058,126.492548,34.4361,132.919006,601.3333031676841,70.0999977375763
CJU,KIX,간사이,12,62,9951,33.512058,126.492548,34.427299,135.244003,813.1667179962355,85.98750384971767
CJU,NRT,도쿄 나리타,12,36,5842,33.512058,126.492548,35.76858,140.388714,1294.6159926315286,122.09619944736464
CJU,FUK,후쿠오카,12,14,2393,33.512058,126.492548,33.585899353027344,130.4510040283203,366.90509950092036,52.51788246256903
CJU,HIJ,히로시마,12,2,237,33.512058,126.492548,34.4361,132.919006,601.3333031676841,70.0999977375763
